{
 "generated_at": "2026-07-18T02:29:01.044532+00:00",
 "overall": {
  "decisive_target": "T1",
  "advantage_point": -0.011749761916329371,
  "ci_lo": -0.01574712724136246,
  "verdict": "n1"
 },
 "per_target": {
  "T1": {
   "best_layer": 4,
   "advantage": {
    "advantage_point": -0.011749761916329371,
    "ci_lo": -0.01574712724136246,
    "ci_hi": -0.007859217881268789,
    "probe_auc": 0.8726625082747018,
    "baseline_aucs": {
     "hazard": 0.8141532062818788,
     "mimi": 0.8844122701910312,
     "acoustic_gru": 0.864452071290597
    },
    "n_boot_effective": 1000,
    "probe_n_seeds": 3,
    "baseline_n_seeds": {
     "hazard": 1,
     "mimi": 3,
     "acoustic_gru": 1
    }
   },
   "baseline_metrics": {
    "hazard": {
     "n_seeds": 1,
     "auc": 0.8141532062818788,
     "auc_mean": 0.8141532062818788,
     "auc_sd": 0.0,
     "auprc": 0.04276358475564235,
     "auprc_mean": 0.04276358475564235,
     "auprc_sd": 0.0,
     "balanced_acc": 0.5,
     "balanced_acc_mean": 0.5,
     "balanced_acc_sd": 0.0,
     "n": 417292,
     "pos_rate": 0.013328796142748962,
     "n_sessions": 40,
     "by_seed": {
      "0": {
       "auc": 0.8141532062818788,
       "auprc": 0.04276358475564235,
       "balanced_acc": 0.5,
       "n": 417292,
       "pos_rate": 0.013328796142748962,
       "n_sessions": 40
      }
     }
    },
    "mimi": {
     "n_seeds": 3,
     "auc": 0.8844122701910312,
     "auc_mean": 0.8844122701910312,
     "auc_sd": 0.00022031829087337012,
     "auprc": 0.08258643929260868,
     "auprc_mean": 0.08258643929260868,
     "auprc_sd": 9.964733908739593e-05,
     "balanced_acc": 0.6737667193384748,
     "balanced_acc_mean": 0.6737667193384748,
     "balanced_acc_sd": 0.00035431694239401794,
     "n": 417292,
     "pos_rate": 0.013328796142748962,
     "n_sessions": 40,
     "by_seed": {
      "0": {
       "auc": 0.884595168344186,
       "auprc": 0.08256284959416614,
       "balanced_acc": 0.6734663193508054,
       "n": 417292,
       "pos_rate": 0.013328796142748962,
       "n_sessions": 40
      },
      "1": {
       "auc": 0.8841676827832863,
       "auprc": 0.08250070344521224,
       "balanced_acc": 0.6741574611815242,
       "n": 417292,
       "pos_rate": 0.013328796142748962,
       "n_sessions": 40
      },
      "2": {
       "auc": 0.8844739594456217,
       "auprc": 0.0826957648384477,
       "balanced_acc": 0.6736763774830951,
       "n": 417292,
       "pos_rate": 0.013328796142748962,
       "n_sessions": 40
      }
     }
    },
    "acoustic_gru": {
     "n_seeds": 1,
     "auc": 0.864452071290597,
     "auc_mean": 0.864452071290597,
     "auc_sd": 0.0,
     "auprc": 0.0719065324791983,
     "auprc_mean": 0.0719065324791983,
     "auprc_sd": 0.0,
     "balanced_acc": 0.5,
     "balanced_acc_mean": 0.5,
     "balanced_acc_sd": 0.0,
     "n": 417292,
     "pos_rate": 0.013328796142748962,
     "n_sessions": 40,
     "by_seed": {
      "0": {
       "auc": 0.864452071290597,
       "auprc": 0.0719065324791983,
       "balanced_acc": 0.5,
       "n": 417292,
       "pos_rate": 0.013328796142748962,
       "n_sessions": 40
      }
     }
    }
   },
   "probe_ci": {
    "point": 0.8726625082747018,
    "ci_lo": 0.8550752227973818,
    "ci_hi": 0.8906205297823415,
    "n_boot_effective": 1000,
    "n_seeds": 3
   },
   "shuffled_auc": 0.548254836208423,
   "shuffled_auc_sd": 0.0007531586365699506,
   "shuffled_n_seeds": 3,
   "ci_scope": "给定已在 probe_val 上选择的目标、层与各种子 C 后的会话级条件 CI",
   "covers_model_selection_uncertainty": false,
   "verdict": "n1",
   "layer_summary": {
    "4": {
     "n_seeds": 3,
     "auc_mean": 0.8726625082747018,
     "auc_sd": 0.0002660963685695875,
     "auprc_mean": 0.0731296676038755,
     "auprc_sd": 0.00035367992464783174,
     "balanced_acc_mean": 0.6676436627563952,
     "balanced_acc_sd": 0.003018582546865053,
     "auc_by_seed": {
      "0": 0.872922643357682,
      "1": 0.8726740549320692,
      "2": 0.8723908265343541
     },
     "best_c_by_seed": {
      "0": 0.01,
      "1": 0.01,
      "2": 0.01
     }
    },
    "12": {
     "n_seeds": 3,
     "auc_mean": 0.8641974601959238,
     "auc_sd": 0.0009902446282017414,
     "auprc_mean": 0.06501064222024194,
     "auprc_sd": 0.0009340556327661168,
     "balanced_acc_mean": 0.6360069853034066,
     "balanced_acc_sd": 0.0057524496879855745,
     "auc_by_seed": {
      "0": 0.8653016516821834,
      "1": 0.8639025711691452,
      "2": 0.8633881577364427
     },
     "best_c_by_seed": {
      "0": 0.01,
      "1": 0.01,
      "2": 0.01
     }
    },
    "20": {
     "n_seeds": 3,
     "auc_mean": 0.8623704707673531,
     "auc_sd": 0.001858700362696738,
     "auprc_mean": 0.06551984507166743,
     "auprc_sd": 0.001421395237636562,
     "balanced_acc_mean": 0.6409210246044397,
     "balanced_acc_sd": 0.007978886810584684,
     "auc_by_seed": {
      "0": 0.860234513750851,
      "1": 0.8636201984324953,
      "2": 0.863256700118713
     },
     "best_c_by_seed": {
      "0": 0.01,
      "1": 0.01,
      "2": 0.01
     }
    },
    "28": {
     "n_seeds": 3,
     "auc_mean": 0.8537205736252802,
     "auc_sd": 0.000902746540812344,
     "auprc_mean": 0.06133774419231234,
     "auprc_sd": 0.0012154615090603856,
     "balanced_acc_mean": 0.6490002861344576,
     "balanced_acc_sd": 0.00175910273625861,
     "auc_by_seed": {
      "0": 0.8529020789773547,
      "1": 0.8546888390173201,
      "2": 0.853570802881166
     },
     "best_c_by_seed": {
      "0": 0.01,
      "1": 0.01,
      "2": 0.01
     }
    }
   }
  },
  "T4": {
   "best_layer": 12,
   "advantage": {
    "advantage_point": -0.0320927832332748,
    "ci_lo": -0.04263734525004205,
    "ci_hi": -0.021937520013282186,
    "probe_auc": 0.7763542305022412,
    "baseline_aucs": {
     "hazard": 0.6438847698879802,
     "mimi": 0.808447013735516,
     "acoustic_gru": 0.6787990948180749
    },
    "n_boot_effective": 1000,
    "probe_n_seeds": 3,
    "baseline_n_seeds": {
     "hazard": 1,
     "mimi": 3,
     "acoustic_gru": 1
    }
   },
   "baseline_metrics": {
    "hazard": {
     "n_seeds": 1,
     "auc": 0.6438847698879802,
     "auc_mean": 0.6438847698879802,
     "auc_sd": 0.0,
     "auprc": 0.5973382827971557,
     "auprc_mean": 0.5973382827971557,
     "auprc_sd": 0.0,
     "balanced_acc": 0.5916167417533191,
     "balanced_acc_mean": 0.5916167417533191,
     "balanced_acc_sd": 0.0,
     "n": 7351,
     "pos_rate": 0.4600734593932798,
     "n_sessions": 40,
     "by_seed": {
      "0": {
       "auc": 0.6438847698879802,
       "auprc": 0.5973382827971557,
       "balanced_acc": 0.5916167417533191,
       "n": 7351,
       "pos_rate": 0.4600734593932798,
       "n_sessions": 40
      }
     }
    },
    "mimi": {
     "n_seeds": 3,
     "auc": 0.808447013735516,
     "auc_mean": 0.808447013735516,
     "auc_sd": 0.0,
     "auprc": 0.7604603157509402,
     "auprc_mean": 0.7604603157509402,
     "auprc_sd": 0.0,
     "balanced_acc": 0.7352785387760465,
     "balanced_acc_mean": 0.7352785387760465,
     "balanced_acc_sd": 0.0,
     "n": 7351,
     "pos_rate": 0.4600734593932798,
     "n_sessions": 40,
     "by_seed": {
      "0": {
       "auc": 0.808447013735516,
       "auprc": 0.7604603157509402,
       "balanced_acc": 0.7352785387760465,
       "n": 7351,
       "pos_rate": 0.4600734593932798,
       "n_sessions": 40
      },
      "1": {
       "auc": 0.808447013735516,
       "auprc": 0.7604603157509402,
       "balanced_acc": 0.7352785387760465,
       "n": 7351,
       "pos_rate": 0.4600734593932798,
       "n_sessions": 40
      },
      "2": {
       "auc": 0.808447013735516,
       "auprc": 0.7604603157509402,
       "balanced_acc": 0.7352785387760465,
       "n": 7351,
       "pos_rate": 0.4600734593932798,
       "n_sessions": 40
      }
     }
    },
    "acoustic_gru": {
     "n_seeds": 1,
     "auc": 0.6787990948180749,
     "auc_mean": 0.6787990948180749,
     "auc_sd": 0.0,
     "auprc": 0.6384519265846696,
     "auprc_mean": 0.6384519265846696,