{
 "generated_at": "2026-07-19T15:49:48.424797+00:00",
 "overall": {
  "decisive_target": "T4",
  "advantage_point": 0.0556613386613386,
  "ci_lo": 0.04070505595303231,
  "verdict": "full_e1"
 },
 "per_target": {
  "T1": {
   "best_layer": 28,
   "advantage": {
    "advantage_point": 0.014776929661998728,
    "ci_lo": 0.010682295691828261,
    "ci_hi": 0.018439239517230588,
    "probe_auc": 0.9110433005461838,
    "baseline_aucs": {
     "hazard": 0.8543537508515566,
     "mimi": 0.896266370884185,
     "acoustic_gru": 0.8774136002864485
    },
    "n_boot_effective": 1000,
    "probe_n_seeds": 3,
    "baseline_n_seeds": {
     "hazard": 1,
     "mimi": 3,
     "acoustic_gru": 1
    }
   },
   "baseline_metrics": {
    "hazard": {
     "n_seeds": 1,
     "auc": 0.8543537508515566,
     "auc_mean": 0.8543537508515566,
     "auc_sd": 0.0,
     "auprc": 0.038219134163104344,
     "auprc_mean": 0.038219134163104344,
     "auprc_sd": 0.0,
     "balanced_acc": 0.5,
     "balanced_acc_mean": 0.5,
     "balanced_acc_sd": 0.0,
     "n": 196174,
     "pos_rate": 0.008110147114296492,
     "n_sessions": 40,
     "by_seed": {
      "0": {
       "auc": 0.8543537508515566,
       "auprc": 0.038219134163104344,
       "balanced_acc": 0.5,
       "n": 196174,
       "pos_rate": 0.008110147114296492,
       "n_sessions": 40
      }
     }
    },
    "mimi": {
     "n_seeds": 3,
     "auc": 0.896266370884185,
     "auc_mean": 0.896266370884185,
     "auc_sd": 0.00043032522058940325,
     "auprc": 0.05366066720122186,
     "auprc_mean": 0.05366066720122186,
     "auprc_sd": 0.00034144070748973047,
     "balanced_acc": 0.6621535370789142,
     "balanced_acc_mean": 0.6621535370789142,
     "balanced_acc_sd": 0.006069709250791958,
     "n": 196174,
     "pos_rate": 0.008110147114296492,
     "n_sessions": 40,
     "by_seed": {
      "0": {
       "auc": 0.8965136449845252,
       "auprc": 0.05355293138184574,
       "balanced_acc": 0.6561380693765044,
       "n": 196174,
       "pos_rate": 0.008110147114296492,
       "n_sessions": 40
      },
      "1": {
       "auc": 0.8957694759674522,
       "auprc": 0.05338608952691067,
       "balanced_acc": 0.6682760713458918,
       "n": 196174,
       "pos_rate": 0.008110147114296492,
       "n_sessions": 40
      },
      "2": {
       "auc": 0.8965159917005778,
       "auprc": 0.05404298069490916,
       "balanced_acc": 0.6620464705143462,
       "n": 196174,
       "pos_rate": 0.008110147114296492,
       "n_sessions": 40
      }
     }
    },
    "acoustic_gru": {
     "n_seeds": 1,
     "auc": 0.8774136002864485,
     "auc_mean": 0.8774136002864485,
     "auc_sd": 0.0,
     "auprc": 0.046246589276108106,
     "auprc_mean": 0.046246589276108106,
     "auprc_sd": 0.0,
     "balanced_acc": 0.5,
     "balanced_acc_mean": 0.5,
     "balanced_acc_sd": 0.0,
     "n": 196174,
     "pos_rate": 0.008110147114296492,
     "n_sessions": 40,
     "by_seed": {
      "0": {
       "auc": 0.8774136002864485,
       "auprc": 0.046246589276108106,
       "balanced_acc": 0.5,
       "n": 196174,
       "pos_rate": 0.008110147114296492,
       "n_sessions": 40
      }
     }
    }
   },
   "probe_ci": {
    "point": 0.9110433005461838,
    "ci_lo": 0.8902149210347873,
    "ci_hi": 0.93023510414888,
    "n_boot_effective": 1000,
    "n_seeds": 3
   },
   "shuffled_auc": 0.6379166601484596,
   "shuffled_auc_sd": 0.0005760492247418287,
   "shuffled_n_seeds": 3,
   "ci_scope": "层与各种子 C 在 probe_train 内层划分上选择，probe_val 仅用于最终报告；会话级 bootstrap CI 对选定模型无报告集选择泄漏（目标间取优仍为冻结决策规则）",
   "selection_disjoint_from_report": true,
   "verdict": "n1",
   "selection": {
    "rule": "best_layer = argmax_layer mean_seed(inner_val AUC at best_c)，并列取较小层号",
    "best_layer": 28,
    "selection_auc_mean_by_layer": {
     "4": 0.8850941927520259,
     "12": 0.8857623730686143,
     "20": 0.8957757712863659,
     "28": 0.8993343658502484
    }
   },
   "layer_summary": {
    "4": {
     "n_seeds": 3,
     "auc_mean": 0.8949414679756452,
     "auc_sd": 0.0004490563739044609,
     "auprc_mean": 0.05370447093198108,
     "auprc_sd": 0.0007841695812753954,
     "balanced_acc_mean": 0.6409395173706188,
     "balanced_acc_sd": 0.0035379316958502366,
     "auc_by_seed": {
      "0": 0.8945353278203887,
      "1": 0.8948653620198102,
      "2": 0.8954237140867369
     },
     "best_c_by_seed": {
      "0": 0.0001,
      "1": 0.0001,
      "2": 0.0001
     },
     "selection_auc_mean": 0.8850941927520259,
     "selection_auc_by_seed": {
      "0": 0.8851475680165806,
      "1": 0.8849882312604862,
      "2": 0.8851467789790112
     }
    },
    "12": {
     "n_seeds": 3,
     "auc_mean": 0.8981288499662856,
     "auc_sd": 4.0180838758355046e-05,
     "auprc_mean": 0.052594296100018,
     "auprc_sd": 0.0002696592744603479,
     "balanced_acc_mean": 0.6486280918682515,
     "balanced_acc_sd": 0.0028659963513380337,
     "auc_by_seed": {
      "0": 0.8981728685235971,
      "1": 0.8981195400877132,
      "2": 0.8980941412875463
     },
     "best_c_by_seed": {
      "0": 0.0001,
      "1": 0.0001,
      "2": 0.0001
     },
     "selection_auc_mean": 0.8857623730686143,
     "selection_auc_by_seed": {
      "0": 0.8854600911479751,
      "1": 0.8855864502459124,
      "2": 0.8862405778119551
     }
    },
    "20": {
     "n_seeds": 3,
     "auc_mean": 0.9084697013584657,
     "auc_sd": 0.0006066900900104151,
     "auprc_mean": 0.05986946037202787,
     "auprc_sd": 0.0008505488402361381,
     "balanced_acc_mean": 0.6918579453171315,
     "balanced_acc_sd": 0.0055482973807231785,
     "auc_by_seed": {
      "0": 0.9085590913745433,
      "1": 0.9078232755683606,
      "2": 0.9090267371324932
     },
     "best_c_by_seed": {
      "0": 0.001,
      "1": 0.001,
      "2": 0.001
     },
     "selection_auc_mean": 0.8957757712863659,
     "selection_auc_by_seed": {
      "0": 0.8948982115833799,
      "1": 0.8967035860857979,
      "2": 0.89572551618992
     }
    },
    "28": {
     "n_seeds": 3,
     "auc_mean": 0.9110433005461838,
     "auc_sd": 0.00022307012070647811,
     "auprc_mean": 0.06305116584404194,
     "auprc_sd": 0.0003363139934533707,
     "balanced_acc_mean": 0.7028970559065147,
     "balanced_acc_sd": 0.00300092301700864,
     "auc_by_seed": {
      "0": 0.9110784469125006,
      "1": 0.9108047435888404,
      "2": 0.9112467111372105
     },
     "best_c_by_seed": {
      "0": 0.001,
      "1": 0.001,
      "2": 0.001
     },
     "selection_auc_mean": 0.8993343658502484,
     "selection_auc_by_seed": {
      "0": 0.8996684011785703,
      "1": 0.8995819283152944,
      "2": 0.8987527680568805
     }
    }
   }
  },
  "T4": {
   "best_layer": 20,
   "advantage": {
    "advantage_point": 0.0556613386613386,
    "ci_lo": 0.04070505595303231,
    "ci_hi": 0.06911769820507566,
    "probe_auc": 0.8162047952047952,
    "baseline_aucs": {
     "hazard": 0.6099445554445555,
     "mimi": 0.7605434565434566,
     "acoustic_gru": 0.6383426573426573
    },
    "n_boot_effective": 1000,
    "probe_n_seeds": 3,
    "baseline_n_seeds": {
     "hazard": 1,
     "mimi": 3,
     "acoustic_gru": 1
    }
   },
   "baseline_metrics": {
    "hazard": {
     "n_seeds": 1,
     "auc": 0.6099445554445555,
     "auc_mean": 0.6099445554445555,
     "auc_sd": 0.0,
     "auprc": 0.6483566904947783,
     "auprc_mean": 0.6483566904947783,
     "auprc_sd": 0.0,
     "balanced_acc": 0.5691308691308692,
     "balanced_acc_mean": 0.5691308691308692,
     "balanced_acc_sd": 0.0,
     "n": 2010,
     "pos_rate": 0.5472636815920398,
     "n_sessions": 40,
     "by_seed": {
      "0": {
       "auc": 0.6099445554445555,
       "auprc": 0.6483566904947783,
       "balanced_acc": 0.5691308691308692,
       "n": 2010,
       "pos_rate": 0.5472636815920398,
       "n_sessions": 40
      }
     }
    },
    "mimi": {
     "n_seeds": 3,
     "auc": 0.7605434565434566,
     "auc_mean": 0.7605434565434566,
     "auc_sd": 0.0,
     "auprc": 0.7612475965180551,
     "auprc_mean": 0.7612475965180551,