{
 "generated_at": "2026-07-19T10:58:50.847405+00:00",
 "overall": {
  "decisive_target": "T1",
  "advantage_point": -0.009751031028769064,
  "ci_lo": -0.012941220502366794,
  "verdict": "n1"
 },
 "per_target": {
  "T1": {
   "best_layer": 4,
   "advantage": {
    "advantage_point": -0.009751031028769064,
    "ci_lo": -0.012941220502366794,
    "ci_hi": -0.006659949664266694,
    "probe_auc": 0.8553681952583613,
    "baseline_aucs": {
     "hazard": 0.8034670797666443,
     "mimi": 0.8651192262871303,
     "acoustic_gru": 0.8365133362294117
    },
    "n_boot_effective": 1000,
    "probe_n_seeds": 3,
    "baseline_n_seeds": {
     "hazard": 1,
     "mimi": 3,
     "acoustic_gru": 1
    }
   },
   "baseline_metrics": {
    "hazard": {
     "n_seeds": 1,
     "auc": 0.8034670797666443,
     "auc_mean": 0.8034670797666443,
     "auc_sd": 0.0,
     "auprc": 0.040341047359367645,
     "auprc_mean": 0.040341047359367645,
     "auprc_sd": 0.0,
     "balanced_acc": 0.5,
     "balanced_acc_mean": 0.5,
     "balanced_acc_sd": 0.0,
     "n": 417245,
     "pos_rate": 0.01291806971922971,
     "n_sessions": 40,
     "by_seed": {
      "0": {
       "auc": 0.8034670797666443,
       "auprc": 0.040341047359367645,
       "balanced_acc": 0.5,
       "n": 417245,
       "pos_rate": 0.01291806971922971,
       "n_sessions": 40
      }
     }
    },
    "mimi": {
     "n_seeds": 3,
     "auc": 0.8651192262871303,
     "auc_mean": 0.8651192262871303,
     "auc_sd": 0.00014913835891564682,
     "auprc": 0.06453663985218477,
     "auprc_mean": 0.06453663985218477,
     "auprc_sd": 0.0003668344912050869,
     "balanced_acc": 0.6258939798950413,
     "balanced_acc_mean": 0.6258939798950413,
     "balanced_acc_sd": 0.0022218740249328657,
     "n": 417245,
     "pos_rate": 0.01291806971922971,
     "n_sessions": 40,
     "by_seed": {
      "0": {
       "auc": 0.8649470832776157,
       "auprc": 0.06493992767210419,
       "balanced_acc": 0.62446376544837,
       "n": 417245,
       "pos_rate": 0.01291806971922971,
       "n_sessions": 40
      },
      "1": {
       "auc": 0.8652094617210981,
       "auprc": 0.06422280528010837,
       "balanced_acc": 0.6284536979608234,
       "n": 417245,
       "pos_rate": 0.01291806971922971,
       "n_sessions": 40
      },
      "2": {
       "auc": 0.8652011338626774,
       "auprc": 0.06444718660434177,
       "balanced_acc": 0.6247644762759306,
       "n": 417245,
       "pos_rate": 0.01291806971922971,
       "n_sessions": 40
      }
     }
    },
    "acoustic_gru": {
     "n_seeds": 1,
     "auc": 0.8365133362294117,
     "auc_mean": 0.8365133362294117,
     "auc_sd": 0.0,
     "auprc": 0.05483470072528327,
     "auprc_mean": 0.05483470072528327,
     "auprc_sd": 0.0,
     "balanced_acc": 0.5,
     "balanced_acc_mean": 0.5,
     "balanced_acc_sd": 0.0,
     "n": 417245,
     "pos_rate": 0.01291806971922971,
     "n_sessions": 40,
     "by_seed": {
      "0": {
       "auc": 0.8365133362294117,
       "auprc": 0.05483470072528327,
       "balanced_acc": 0.5,
       "n": 417245,
       "pos_rate": 0.01291806971922971,
       "n_sessions": 40
      }
     }
    }
   },
   "probe_ci": {
    "point": 0.8553681952583613,
    "ci_lo": 0.8352448410854993,
    "ci_hi": 0.8753346217971402,
    "n_boot_effective": 1000,
    "n_seeds": 3
   },
   "shuffled_auc": 0.5541470165748646,
   "shuffled_auc_sd": 0.000277349120327118,
   "shuffled_n_seeds": 3,
   "ci_scope": "层与各种子 C 在 probe_train 内层划分上选择，probe_val 仅用于最终报告；会话级 bootstrap CI 对选定模型无报告集选择泄漏（目标间取优仍为冻结决策规则）",
   "selection_disjoint_from_report": true,
   "verdict": "n1",
   "selection": {
    "rule": "best_layer = argmax_layer mean_seed(inner_val AUC at best_c)，并列取较小层号",
    "best_layer": 4,
    "selection_auc_mean_by_layer": {
     "4": 0.8490207735750163,
     "12": 0.8411619760344388,
     "20": 0.8420059535308172,
     "28": 0.8270978349801088
    }
   },
   "layer_summary": {
    "4": {
     "n_seeds": 3,
     "auc_mean": 0.8553681952583613,
     "auc_sd": 0.0005766205115390333,
     "auprc_mean": 0.058484910149057746,
     "auprc_sd": 0.0003205772177557011,
     "balanced_acc_mean": 0.6294842109406701,
     "balanced_acc_sd": 0.003487210702338142,
     "auc_by_seed": {
      "0": 0.8559971828891542,
      "1": 0.8552428366712,
      "2": 0.8548645662147294
     },
     "best_c_by_seed": {
      "0": 0.01,
      "1": 0.01,
      "2": 0.01
     },
     "selection_auc_mean": 0.8490207735750163,
     "selection_auc_by_seed": {
      "0": 0.849694927805325,
      "1": 0.8491074979887905,
      "2": 0.8482598949309333
     }
    },
    "12": {
     "n_seeds": 3,
     "auc_mean": 0.8498259688410522,
     "auc_sd": 0.0006008211779470396,
     "auprc_mean": 0.05450078198779717,
     "auprc_sd": 0.0003656339529927131,
     "balanced_acc_mean": 0.6196492411623603,
     "balanced_acc_sd": 0.002505127979773366,
     "auc_by_seed": {
      "0": 0.8495198197016625,
      "1": 0.8505182007312091,
      "2": 0.8494398860902849
     },
     "best_c_by_seed": {
      "0": 0.01,
      "1": 0.01,
      "2": 0.01
     },
     "selection_auc_mean": 0.8411619760344388,
     "selection_auc_by_seed": {
      "0": 0.8446681832918803,
      "1": 0.8395367508750883,
      "2": 0.8392809939363479
     }
    },
    "20": {
     "n_seeds": 3,
     "auc_mean": 0.8494031706720638,
     "auc_sd": 0.0010900001914311106,
     "auprc_mean": 0.05359599657777345,
     "auprc_sd": 0.0003821630767018778,
     "balanced_acc_mean": 0.6153573447620243,
     "balanced_acc_sd": 0.007584682144628422,
     "auc_by_seed": {
      "0": 0.8504810321391053,
      "1": 0.8494270555484194,
      "2": 0.848301424328667
     },
     "best_c_by_seed": {
      "0": 0.01,
      "1": 0.01,
      "2": 0.01
     },
     "selection_auc_mean": 0.8420059535308172,
     "selection_auc_by_seed": {
      "0": 0.8410111591906446,
      "1": 0.840277445342467,
      "2": 0.84472925605934
     }
    },
    "28": {
     "n_seeds": 3,
     "auc_mean": 0.8436023289713996,
     "auc_sd": 0.0011292468171765948,
     "auprc_mean": 0.05138075012165263,
     "auprc_sd": 0.00025881713823665633,
     "balanced_acc_mean": 0.6175011474060897,
     "balanced_acc_sd": 0.003389035309342288,
     "auc_by_seed": {
      "0": 0.8443147331807003,
      "1": 0.8423003158094913,
      "2": 0.8441919379240073
     },
     "best_c_by_seed": {
      "0": 0.01,
      "1": 0.01,
      "2": 0.01
     },
     "selection_auc_mean": 0.8270978349801088,
     "selection_auc_by_seed": {
      "0": 0.8292767040245259,
      "1": 0.8244472209035215,
      "2": 0.8275695800122791
     }
    }
   }
  },
  "T4": {
   "best_layer": 12,
   "advantage": {
    "advantage_point": -0.032491701362378445,
    "ci_lo": -0.04463576568291015,
    "ci_hi": -0.021130897146570467,
    "probe_auc": 0.7758673679375835,
    "baseline_aucs": {
     "hazard": 0.6438444314874022,
     "mimi": 0.8083590692999619,
     "acoustic_gru": 0.6886637105721511
    },
    "n_boot_effective": 1000,
    "probe_n_seeds": 3,
    "baseline_n_seeds": {
     "hazard": 1,
     "mimi": 3,
     "acoustic_gru": 1
    }
   },
   "baseline_metrics": {
    "hazard": {
     "n_seeds": 1,
     "auc": 0.6438444314874022,
     "auc_mean": 0.6438444314874022,
     "auc_sd": 0.0,
     "auprc": 0.5972588442212924,
     "auprc_mean": 0.5972588442212924,
     "auprc_sd": 0.0,
     "balanced_acc": 0.5915495562130177,
     "balanced_acc_mean": 0.5915495562130177,
     "balanced_acc_sd": 0.0,
     "n": 7348,
     "pos_rate": 0.45998911268372344,
     "n_sessions": 40,
     "by_seed": {
      "0": {
       "auc": 0.6438444314874022,
       "auprc": 0.5972588442212924,
       "balanced_acc": 0.5915495562130177,
       "n": 7348,
       "pos_rate": 0.45998911268372344,
       "n_sessions": 40
      }
     }
    },
    "mimi": {
     "n_seeds": 3,
     "auc": 0.8083590692999619,
     "auc_mean": 0.8083590692999619,
     "auc_sd": 1.3597399555105182e-16,
     "auprc": 0.7603755491418274,
     "auprc_mean": 0.7603755491418274,
     "auprc_sd": 0.0,