{
 "generated_at": "2026-07-22T09:32:38.120882+00:00",
 "plan_id": "e1r1-moshi-37e1701082b0",
 "plan_path": "D:\\data_storage\\The_Floor_Control_Circuit\\e1_cache_plan\\e1_r1_moshi.plan.json",
 "n_sessions": 500,
 "n_roles": 1000,
 "n_passed": 1000,
 "n_failed": 0,
 "verdict": "passed",
 "telemetry": {
  "steps_per_second": {
   "n": 1000,
   "min": 34.718,
   "median": 38.138000000000005,
   "max": 38.472
  },
  "forward_elapsed_s": {
   "n": 1000,
   "min": 77.979,
   "median": 78.6625,
   "max": 86.41
  },
  "peak_memory_allocated_bytes_max": 17648163840,
  "peak_memory_reserved_bytes_max": 17999855616,
  "peak_memory_allocated_fraction_max": 0.6848528243957397,
  "output_bytes_total": 789529024000,
  "per_gpu": {
   "79d10990-1a86-8714-dbac-6dad07758b89": {
    "gpu_name": "NVIDIA GeForce RTX 3090",
    "n_roles": 486,
    "steps_per_second": {
     "n": 486,
     "min": 34.718,
     "median": 36.321,
     "max": 37.418
    },
    "peak_memory_allocated_bytes_max": 17648163840,
    "gpu_total_memory_bytes": 25769279488,
    "peak_memory_allocated_fraction": 0.6848528243957397
   },
   "9bc67a4a-f682-7c62-16f7-93d441ac1cd0": {
    "gpu_name": "NVIDIA GeForce RTX 3090",
    "n_roles": 514,
    "steps_per_second": {
     "n": 514,
     "min": 37.041,
     "median": 38.37,
     "max": 38.472
    },
    "peak_memory_allocated_bytes_max": 17648163840,
    "gpu_total_memory_bytes": 25769279488,
    "peak_memory_allocated_fraction": 0.6848528243957397
   }
  }
 },
 "failures": {}
}