{
 "generated_at": "2026-07-23T15:57:43.300797+00:00",
 "schema": "e1x-suite-v1",
 "layer": 29,
 "per_seed": {
  "0": {
   "seed": 0,
   "auc_acts": 0.8347578454870874,
   "auc_mimi_frame": 0.769474097953099,
   "auc_mimi_gru": 0.7886893902368264,
   "auc_recon": 0.7749622287387411,
   "auc_resid": 0.6985457227533631,
   "resid_auc_ci_vs_chance": {
    "advantage": 0.19854572275336313,
    "ci95": [
     0.18049668299463073,
     0.2159928059305382
    ],
    "n_boot_effective": 1000
   },
   "ridge_lambda_curve_r2": {
    "10.0": 0.38829762676438384,
    "100.0": 0.3951045755175979,
    "1000.0": 0.4034021024916137,
    "10000.0": 0.3826667395789791
   },
   "ridge_lambda": 1000.0,
   "ridge_inner_r2": 0.4034021024916137,
   "resid_effective_rank": {
    "auc_full": 0.6985457227533631,
    "curve": {
     "1": 0.4749560358140739,
     "2": 0.5801248683306107,
     "4": 0.6403174459709167,
     "8": 0.6464658066870196,
     "16": 0.6643245137159334,
     "24": 0.6680318299590263,
     "32": 0.6719790522928327,
     "64": 0.6747033812252841,
     "128": 0.6852453011881489
    },
    "retention": 0.95,
    "effective_rank": null
   },
   "resid_rank_vs_acts_full": null
  },
  "1": {
   "seed": 1,
   "auc_acts": 0.8351296999276934,
   "auc_mimi_frame": 0.7689105976004927,
   "auc_mimi_gru": 0.7896060546718084,
   "auc_recon": 0.775553625148407,
   "auc_resid": 0.6994089662390759,
   "resid_auc_ci_vs_chance": {
    "advantage": 0.1994089662390759,
    "ci95": [
     0.1808539930312546,
     0.21743274844578064
    ],
    "n_boot_effective": 1000
   },
   "ridge_lambda_curve_r2": {
    "10.0": 0.3876270739376172,
    "100.0": 0.3944675325596979,
    "1000.0": 0.40289946133924603,
    "10000.0": 0.3822548729929165
   },
   "ridge_lambda": 1000.0,
   "ridge_inner_r2": 0.40289946133924603,
   "resid_effective_rank": {
    "auc_full": 0.6994089662390759,
    "curve": {
     "1": 0.4745284589994912,
     "2": 0.5801109203020808,
     "4": 0.6415775108683038,
     "8": 0.6486882158128241,
     "16": 0.6663553466698803,
     "24": 0.6694176363336101,
     "32": 0.6741867462485382,
     "64": 0.6781181375699633,
     "128": 0.6868597854904797
    },
    "retention": 0.95,
    "effective_rank": null
   },
   "resid_rank_vs_acts_full": null
  },
  "2": {
   "seed": 2,
   "auc_acts": 0.83461655195808,
   "auc_mimi_frame": 0.7682769386643814,
   "auc_mimi_gru": 0.7869986102184373,
   "auc_recon": 0.7742549242119922,
   "auc_resid": 0.7006277449720146,
   "resid_auc_ci_vs_chance": {
    "advantage": 0.20062774497201463,
    "ci95": [
     0.18319929760275092,
     0.21833706231873196
    ],
    "n_boot_effective": 1000
   },
   "ridge_lambda_curve_r2": {
    "10.0": 0.38637637702111116,
    "100.0": 0.39357978703590457,
    "1000.0": 0.4022902578424795,
    "10000.0": 0.3813448557580945
   },
   "ridge_lambda": 1000.0,
   "ridge_inner_r2": 0.4022902578424795,
   "resid_effective_rank": {
    "auc_full": 0.7006277449720146,
    "curve": {
     "1": 0.47746891263401264,
     "2": 0.5810243069503584,
     "4": 0.6415887390312703,
     "8": 0.649360929228819,
     "16": 0.6661911086339413,
     "24": 0.6704605304267873,
     "32": 0.6742287298144131,
     "64": 0.6762962460833936,
     "128": 0.6860513577568892
    },
    "retention": 0.95,
    "effective_rank": null
   },
   "resid_rank_vs_acts_full": null
  }
 },
 "acts_vs_mimi_gru_advantage": {
  "advantage": 0.046403370661977084,
  "ci95": [
   0.037763166011716726,
   0.05590696473820181
  ],
  "n_boot_effective": 1000
 }
}