{
 "generated_at": "2026-07-22T13:20:41.930767+00:00",
 "verdict": "passed",
 "layer": 20,
 "cells": {
  "T1_d400": {
   "auc_torch": 0.9186082584510056,
   "auc_sklearn": 0.9186189559264014,
   "abs_auc_diff": 1.0697475395837763e-05,
   "direction_abs_cos": 0.9999972272682054
  },
  "T4": {
   "auc_torch": 0.7670636331318876,
   "auc_sklearn": 0.7673302523995734,
   "abs_auc_diff": 0.0002666192676857859,
   "direction_abs_cos": 0.9999993548194673
  }
 }
}