{
 "generated_at": "2026-07-23T22:20:16.171101+00:00",
 "schema": "e2_lite_summary_v1",
 "plan": "D:\\data_storage\\The_Floor_Control_Circuit\\e2_lite\\e2_lite.plan.json",
 "runs_root": "D:\\data_storage\\The_Floor_Control_Circuit\\e2_lite_optimized\\runs",
 "workers": 4,
 "analysis_sha256": "4be7a02f6fa0088039025dc54b536de18f3eec3bd49e1eb5853357ab6397af33",
 "user_mask_cache_hits": 2,
 "user_mask_cache_misses": 18,
 "n_runs_analyzed": 260,
 "n_runs_missing": 0,
 "missing_runs": [],
 "paired_deltas_vs_baseline": {
  "probe_a-4": {
   "agent_speech_frac": {
    "n": 20,
    "mean": -0.12077291666666667,
    "ci95": [
     -0.13975656250000001,
     -0.10219354166666668
    ],
    "n_pos": 0,
    "n_neg": 20
   },
   "overlap_frac": {
    "n": 20,
    "mean": -0.015224999999999999,
    "ci95": [
     -0.02243755208333333,
     -0.008645468750000003
    ],
    "n_pos": 2,
    "n_neg": 16
   },
   "median_response_latency_s": {
    "n": 13,
    "mean": 0.20384615384614513,
    "ci95": [
     -0.17195192307692883,
     0.6258942307692159
    ],
    "n_pos": 7,
    "n_neg": 6
   },
   "response_rate": {
    "n": 19,
    "mean": -0.11065215311252595,
    "ci95": [
     -0.14923436737956466,
     -0.0741068211402775
    ],
    "n_pos": 0,
    "n_neg": 16
   },
   "interruption_rate_per_min_user_speech": {
    "n": 19,
    "mean": -4.63463277354736,
    "ci95": [
     -7.023607612825384,
     -1.8231261964243608
    ],
    "n_pos": 2,
    "n_neg": 15
   },
   "yield_rate_400ms": {
    "n": 13,
    "mean": 0.16245421245421246,
    "ci95": [
     -0.09013278388278387,
     0.4077152014652014
    ],
    "n_pos": 6,
    "n_neg": 4
   },
   "yield_rate_1000ms": {
    "n": 13,
    "mean": 0.17069597069597073,
    "ci95": [
     -0.1205128205128205,
     0.41025641025641035
    ],
    "n_pos": 9,
    "n_neg": 3
   }
  },
  "probe_a-2": {
   "agent_speech_frac": {
    "n": 20,
    "mean": -0.08233333333333333,
    "ci95": [
     -0.10765640625,
     -0.056125677083333346
    ],
    "n_pos": 2,
    "n_neg": 18
   },
   "overlap_frac": {
    "n": 20,
    "mean": -0.0080125,
    "ci95": [
     -0.014985520833333335,
     -0.0025998958333333343
    ],
    "n_pos": 4,
    "n_neg": 14
   },
   "median_response_latency_s": {
    "n": 15,
    "mean": 0.1286666666666605,
    "ci95": [
     -0.19170833333333798,
     0.47434999999999433
    ],
    "n_pos": 7,
    "n_neg": 7
   },
   "response_rate": {
    "n": 19,
    "mean": -0.0653881682771843,
    "ci95": [
     -0.1075250543221081,
     -0.027758133837939365
    ],
    "n_pos": 2,
    "n_neg": 12
   },
   "interruption_rate_per_min_user_speech": {
    "n": 19,
    "mean": -4.096084511321737,
    "ci95": [
     -6.265176557556209,
     -2.0033319937379974
    ],
    "n_pos": 2,
    "n_neg": 14
   },
   "yield_rate_400ms": {
    "n": 16,
    "mean": 0.025892857142857148,
    "ci95": [
     -0.16160714285714284,
     0.21847470238095226
    ],
    "n_pos": 6,
    "n_neg": 8
   },
   "yield_rate_1000ms": {
    "n": 16,
    "mean": 0.12142857142857141,
    "ci95": [
     -0.05601934523809524,
     0.284828869047619
    ],
    "n_pos": 8,
    "n_neg": 4
   }
  },
  "probe_a+2": {
   "agent_speech_frac": {
    "n": 20,
    "mean": 0.10333125000000001,
    "ci95": [
     0.06495630208333335,
     0.14428171875
    ],
    "n_pos": 16,
    "n_neg": 4
   },
   "overlap_frac": {
    "n": 20,
    "mean": 0.013945833333333333,
    "ci95": [
     0.006940624999999999,
     0.021602395833333326
    ],
    "n_pos": 14,
    "n_neg": 4
   },
   "median_response_latency_s": {
    "n": 17,
    "mean": 0.11911764705882381,
    "ci95": [
     -0.08766176470588431,
     0.34300735294117973
    ],
    "n_pos": 8,
    "n_neg": 7
   },
   "response_rate": {
    "n": 19,
    "mean": 0.06256234138134009,
    "ci95": [
     0.008603661261716461,
     0.1174151482343074
    ],
    "n_pos": 11,
    "n_neg": 3
   },
   "interruption_rate_per_min_user_speech": {
    "n": 19,
    "mean": 7.799912633992483,
    "ci95": [
     3.713527411973548,
     11.412078692045855
    ],
    "n_pos": 15,
    "n_neg": 2
   },
   "yield_rate_400ms": {
    "n": 17,
    "mean": -0.0414559296912238,
    "ci95": [
     -0.1863292589763178,
     0.11139705882352938
    ],
    "n_pos": 5,
    "n_neg": 8
   },
   "yield_rate_1000ms": {
    "n": 17,
    "mean": -0.09172363584128292,
    "ci95": [
     -0.27669158455923165,
     0.08223697054579403
    ],
    "n_pos": 8,
    "n_neg": 6
   }
  },
  "probe_a+4": {
   "agent_speech_frac": {
    "n": 20,
    "mean": 0.30004166666666665,
    "ci95": [
     0.22768161458333325,
     0.3767088020833333
    ],
    "n_pos": 20,
    "n_neg": 0
   },
   "overlap_frac": {
    "n": 20,
    "mean": 0.05868541666666667,
    "ci95": [
     0.03668614583333333,
     0.08048984375
    ],
    "n_pos": 18,
    "n_neg": 1
   },
   "median_response_latency_s": {
    "n": 16,
    "mean": 0.11812500000000065,
    "ci95": [
     -0.1321874999999964,
     0.3900312500000116
    ],
    "n_pos": 11,
    "n_neg": 5
   },
   "response_rate": {
    "n": 19,
    "mean": 0.05176834995791852,
    "ci95": [
     -0.01456198629497731,
     0.12063670581649313
    ],
    "n_pos": 10,
    "n_neg": 7
   },
   "interruption_rate_per_min_user_speech": {
    "n": 19,
    "mean": 13.00873454138233,
    "ci95": [
     5.882174628643739,
     22.049850030846006
    ],
    "n_pos": 15,
    "n_neg": 3
   },
   "yield_rate_400ms": {
    "n": 18,
    "mean": -0.1661115119448453,
    "ci95": [
     -0.34815135481802145,
     0.02458463604296937
    ],
    "n_pos": 5,
    "n_neg": 12
   },
   "yield_rate_1000ms": {
    "n": 18,
    "mean": -0.22396364528717472,
    "ci95": [
     -0.4073832050302639,
     -0.05846972471972488
    ],
    "n_pos": 2,
    "n_neg": 12
   }
  },
  "diffmeans_a-4": {
   "agent_speech_frac": {
    "n": 20,
    "mean": -0.16055416666666664,
    "ci95": [
     -0.17992822916666665,
     -0.14195177083333332
    ],
    "n_pos": 0,
    "n_neg": 20
   },
   "overlap_frac": {
    "n": 20,
    "mean": -0.02308125,
    "ci95": [
     -0.030636666666666673,
     -0.015905416666666675
    ],
    "n_pos": 0,
    "n_neg": 18
   },
   "median_response_latency_s": {
    "n": 0,
    "mean": null,
    "ci95": null,
    "n_pos": 0,
    "n_neg": 0
   },
   "response_rate": {
    "n": 19,
    "mean": -0.14467394539811798,
    "ci95": [
     -0.18527256998178468,
     -0.09947008488657134
    ],
    "n_pos": 0,
    "n_neg": 16
   },
   "interruption_rate_per_min_user_speech": {
    "n": 19,
    "mean": -9.434763849733846,
    "ci95": [
     -11.581378345723786,
     -7.108006113367094
    ],
    "n_pos": 0,
    "n_neg": 17
   },
   "yield_rate_400ms": {
    "n": 0,
    "mean": null,
    "ci95": null,
    "n_pos": 0,
    "n_neg": 0
   },
   "yield_rate_1000ms": {
    "n": 0,
    "mean": null,
    "ci95": null,
    "n_pos": 0,
    "n_neg": 0
   }
  },
  "diffmeans_a+4": {
   "agent_speech_frac": {
    "n": 20,
    "mean": -0.13057708333333334,
    "ci95": [
     -0.15118,
     -0.10788671875
    ],
    "n_pos": 0,
    "n_neg": 20
   },
   "overlap_frac": {
    "n": 20,
    "mean": -0.01806666666666667,
    "ci95": [
     -0.023654479166666666,
     -0.01257291666666667
    ],
    "n_pos": 0,
    "n_neg": 18
   },
   "median_response_latency_s": {
    "n": 12,
    "mean": -0.05083333333333595,
    "ci95": [
     -0.45711458333333355,
     0.3534479166666683
    ],
    "n_pos": 5,
    "n_neg": 7
   },
   "response_rate": {
    "n": 19,
    "mean": -0.09590870098069963,
    "ci95": [
     -0.14246671352265897,
     -0.047905188474898816
    ],
    "n_pos": 1,
    "n_neg": 13
   },
   "interruption_rate_per_min_user_speech": {
    "n": 19,
    "mean": -4.834687105980915,
    "ci95": [
     -7.5043654038850445,
     -2.165120627508552
    ],
    "n_pos": 3,
    "n_neg": 13
   },
   "yield_rate_400ms": {
    "n": 5,
    "mean": 0.30571428571428577,
    "ci95": [
     -0.17999999999999997,
     0.6599999999999999
    ],
    "n_pos": 4,
    "n_neg": 1
   },