{
 "generated_at": "2026-07-23T15:47:01.597072+00:00",
 "schema": "e1x-suite-v1",
 "layer": 29,
 "window_steps": 25,
 "event_aligned": {
  "t4_logit": {
   "offsets_steps": [
    -25,
    -24,
    -23,
    -22,
    -21,
    -20,
    -19,
    -18,
    -17,
    -16,
    -15,
    -14,
    -13,
    -12,
    -11,
    -10,
    -9,
    -8,
    -7,
    -6,
    -5,
    -4,
    -3,
    -2,
    -1,
    0,
    1,
    2,
    3,
    4,
    5,
    6,
    7,
    8,
    9,
    10,
    11,
    12,
    13,
    14,
    15,
    16,
    17,
    18,
    19,
    20,
    21,
    22,
    23,
    24,
    25
   ],
   "mean_complete": [
    -0.023556758633900325,
    -0.019480387439053396,
    -0.029583903490838802,
    -0.036810316902154715,
    -0.061448187114712345,
    -0.05685921566377864,
    -0.06991166518108542,
    -0.08906422684024153,
    -0.08823323400939284,
    -0.10112072058682196,
    -0.13277607823645138,
    -0.14392215930432958,
    -0.15568388028577185,
    -0.16506059280495436,
    -0.15984546115846837,
    -0.13986346925969967,
    -0.14095296600649923,
    -0.1314709677831664,
    -0.14692898841552812,
    -0.1287772085941442,
    -0.0963216471225632,
    0.0035361932686227603,
    0.1893149460388665,
    0.5208881768941447,
    0.8228029156811711,
    0.8813985451107765,
    0.8185057496358995,
    0.7123259346887678,
    0.6622700969702757,
    0.6253373984697976,
    0.5678057122164997,
    0.5324320014231203,
    0.5023379340251893,
    0.4781147476104692,
    0.47223746289333884,
    0.4875508891635896,
    0.47980061122543355,
    0.4636067725961419,
    0.4647242771879655,
    0.4593393679102475,
    0.46490676614601045,
    0.47087726530405943,
    0.475447274977425,
    0.4706567357663611,
    0.4702837364345256,
    0.4676832406918193,
    0.46605697490500586,
    0.4461823231451972,
    0.4452656455015358,
    0.43233534590478784,
    0.4181642969941372
   ],
   "mean_incomplete": [
    -0.666316641096557,
    -0.6741031257507218,
    -0.6799348192407108,
    -0.7006615142924524,
    -0.7026219295759982,
    -0.7106716172201052,
    -0.7211472273894164,
    -0.7321232061406439,
    -0.7305030029343782,
    -0.7237096997920874,
    -0.7389770125330186,
    -0.7398942422922603,
    -0.752341267839169,
    -0.78617307226942,
    -0.7946010335337054,
    -0.8129425285865057,
    -0.8337520746348436,
    -0.8458727741826683,
    -0.8662624943468702,
    -0.882685220110474,
    -0.8885137793222826,
    -0.8593665946810619,
    -0.847562683609681,
    -0.790978991458625,
    -0.7377897974864457,
    -0.7755146314722474,
    -0.8340760360184465,
    -0.9216406950881791,
    -0.9944613820236834,
    -1.0111992571102797,
    -1.0314464168168618,
    -1.0631474727841954,
    -1.066555939939651,
    -1.0812063749836285,
    -1.0884628419631979,
    -1.063977531900494,
    -1.0480787555646423,
    -1.0366895921227686,
    -1.0238299083053866,
    -0.9987039309415375,
    -0.9793062951622825,
    -0.9713420765774856,
    -0.9539199356615417,
    -0.940236152882155,
    -0.9329484815133936,
    -0.9142041422913545,
    -0.885736845636638,
    -0.8828276148748841,
    -0.845429371282915,
    -0.8377939168852072,
    -0.8426344732624004
   ],
   "diff": [
    0.6427598824626567,
    0.6546227383116684,
    0.6503509157498719,
    0.6638511973902976,
    0.6411737424612859,
    0.6538124015563266,
    0.651235562208331,
    0.6430589793004023,
    0.6422697689249853,
    0.6225889792052655,
    0.6062009342965673,
    0.5959720829879307,
    0.5966573875533971,
    0.6211124794644657,
    0.6347555723752369,
    0.6730790593268061,
    0.6927991086283444,
    0.7144018063995019,
    0.719333505931342,
    0.7539080115163298,
    0.7921921321997194,
    0.8629027879496847,
    1.0368776296485476,
    1.3118671683527698,
    1.5605927131676167,
    1.656913176583024,
    1.652581785654346,
    1.633966629776947,
    1.6567314789939591,
    1.6365366555800773,
    1.5992521290333614,
    1.5955794742073157,
    1.5688938739648401,
    1.5593211225940977,
    1.5607003048565367,
    1.5515284210640836,
    1.5278793667900759,
    1.5002963647189105,
    1.488554185493352,
    1.458043298851785,
    1.444213061308293,
    1.442219341881545,
    1.4293672106389668,
    1.4108928886485161,
    1.4032322179479193,
    1.381887382983174,
    1.3517938205416438,
    1.3290099380200813,
    1.2906950167844506,
    1.270129262789995,
    1.2607987702565375
   ],
   "ci_lo": [
    0.5496187924586969,
    0.5629495496537807,
    0.5612512051634664,
    0.5727931229992259,
    0.5501008320872659,
    0.565742853092787,
    0.5583390109239112,
    0.550280693724842,
    0.5536653329769048,
    0.5273545118706858,
    0.5098876838046397,
    0.49871687026579287,
    0.5005222797626461,
    0.5243200602807622,
    0.5402396639926662,
    0.5764984314882698,
    0.603884891637642,
    0.6183110785562741,
    0.621000736846041,
    0.6578529207327176,
    0.7021901505847943,
    0.7724539901915434,
    0.9340130093290292,
    1.190151893732479,
    1.428969631659815,
    1.522339986070487,
    1.5175649523931984,
    1.5016038132235117,
    1.5219801614788455,
    1.506592024916423,
    1.4722836491263611,
    1.4734789743467132,
    1.4539805359632354,
    1.4453816845996534,
    1.448924038282235,
    1.4424735382893301,
    1.4179816196733235,
    1.38930288447738,
    1.379471778256166,
    1.35544177818232,
    1.3474466206000952,
    1.3380120570070324,
    1.3178136269906633,
    1.305845637903364,
    1.2983231491115454,
    1.2732277050106524,
    1.240521206320128,
    1.2205628050011912,
    1.175015201058682,
    1.163157218607983,
    1.1568649019895014
   ],
   "ci_hi": [
    0.7227769221442772,
    0.7335945758193053,
    0.7309001991966089,
    0.7489886141467097,
    0.7248545659087493,
    0.7344893868139688,
    0.7418459355506828,
    0.7279778719744688,
    0.7263301703385404,
    0.7056239540633497,
    0.6945550438730731,
    0.686147849583385,
    0.6845906743923322,
    0.7153501504717784,
    0.7329973274078074,
    0.768858388715584,
    0.7818618988138941,
    0.8087542949098596,
    0.8192281687857695,
    0.8465131972578769,
    0.8778851981764032,
    0.945995605827297,
    1.130331514114784,
    1.4141652814450592,
    1.6767171335240927,
    1.7768115031204423,
    1.7732776003526336,
    1.750670176935017,
    1.780284667824608,
    1.7561326586769008,
    1.7127738846474327,
    1.7028549435204752,
    1.6753596537437037,
    1.6663852518591895,
    1.6656878325183866,
    1.6570109005686835,
    1.6290571711059791,
    1.6062932387702469,
    1.582919606921322,
    1.557292079745128,
    1.5396208974585825,
    1.5401529649382046,
    1.5332363749052549,
    1.509948936147712,
    1.4978673787029748,
    1.4814221133769836,
    1.4575728741609235,
    1.42995027372305,
    1.397706007830401,
    1.3729137435848835,
    1.3666648849816312
   ],
   "divergence_offset_steps": -25,
   "divergence_offset_ms": -2000,
   "n_complete": 2766,
   "n_incomplete": 2592
  },
  "mimi_logit": {
   "offsets_steps": [
    -25,
    -24,
    -23,
    -22,
    -21,
    -20,
    -19,
    -18,
    -17,
    -16,
    -15,
    -14,
    -13,
    -12,
    -11,
    -10,
    -9,
    -8,
    -7,
    -6,
    -5,
    -4,
    -3,
    -2,
    -1,
    0,
    1,
    2,
    3,
    4,
    5,
    6,
    7,
    8,
    9,
    10,
    11,
    12,
    13,
    14,
    15,
    16,
    17,
    18,
    19,
    20,
    21,
    22,
    23,
    24,
    25
   ],